src,dst,class,reason,blur_score,face_count,hand_count,total_visible_hand_landmarks,ok
/project/project/extracted_frames_raw/IMG_0642/frame_000001.png,/project/project/extracted_frames_sorted/reject/IMG_0642/frame_000001__blurry.png,reject,blurry,16.9003488615813,0,2,42,True
/project/project/extracted_frames_raw/IMG_0642/frame_000002.png,/project/project/extracted_frames_sorted/reject/IMG_0642/frame_000002__blurry.png,reject,blurry,12.952511084032526,1,2,42,True
/project/project/extracted_frames_raw/IMG_0642/frame_000003.png,/project/project/extracted_frames_sorted/reject/IMG_0642/frame_000003__blurry.png,reject,blurry,11.914333494395997,1,2,42,True
/project/project/extracted_frames_raw/IMG_0642/frame_000004.png,/project/project/extracted_frames_sorted/reject/IMG_0642/frame_000004__blurry.png,reject,blurry,8.417128649595124,1,2,42,True
/project/project/extracted_frames_raw/IMG_0642/frame_000005.png,/project/project/extracted_frames_sorted/reject/IMG_0642/frame_000005__blurry.png,reject,blurry,12.368029992508099,1,2,42,True
/project/project/extracted_frames_raw/IMG_0642/frame_000006.png,/project/project/extracted_frames_sorted/reject/IMG_0642/frame_000006__blurry.png,reject,blurry,18.6709659515532,1,1,21,True
/project/project/extracted_frames_raw/IMG_0642/frame_000007.png,/project/project/extracted_frames_sorted/reject/IMG_0642/frame_000007__blurry.png,reject,blurry,11.492593556860617,1,2,42,True
/project/project/extracted_frames_raw/IMG_0642/frame_000008.png,/project/project/extracted_frames_sorted/reject/IMG_0642/frame_000008__blurry.png,reject,blurry,17.95556656887063,1,2,42,True
/project/project/extracted_frames_raw/IMG_0642/frame_000009.png,/project/project/extracted_frames_sorted/reject/IMG_0642/frame_000009__blurry.png,reject,blurry,11.515321179826229,0,2,42,True
/project/project/extracted_frames_raw/IMG_0642/frame_000010.png,/project/project/extracted_frames_sorted/reject/IMG_0642/frame_000010__blurry.png,reject,blurry,12.1169346110026,1,2,42,True
/project/project/extracted_frames_raw/IMG_0642/frame_000011.png,/project/project/extracted_frames_sorted/reject/IMG_0642/frame_000011__blurry.png,reject,blurry,13.189936713798865,1,1,21,True
/project/project/extracted_frames_raw/IMG_0642/frame_000012.png,/project/project/extracted_frames_sorted/reject/IMG_0642/frame_000012__blurry.png,reject,blurry,30.528291374551685,1,1,21,True
/project/project/extracted_frames_raw/IMG_0642/frame_000013.png,/project/project/extracted_frames_sorted/reject/IMG_0642/frame_000013__blurry.png,reject,blurry,38.80177228006448,1,1,21,True
/project/project/extracted_frames_raw/IMG_0642/frame_000014.png,/project/project/extracted_frames_sorted/reject/IMG_0642/frame_000014__blurry.png,reject,blurry,42.695720965896854,1,1,21,True
/project/project/extracted_frames_raw/IMG_0642/frame_000015.png,/project/project/extracted_frames_sorted/reject/IMG_0642/frame_000015__blurry.png,reject,blurry,42.818193443467855,1,1,21,True
/project/project/extracted_frames_raw/IMG_0642/frame_000016.png,/project/project/extracted_frames_sorted/reject/IMG_0642/frame_000016__blurry.png,reject,blurry,43.18348956879784,1,1,21,True
/project/project/extracted_frames_raw/IMG_0642/frame_000017.png,/project/project/extracted_frames_sorted/reject/IMG_0642/frame_000017__blurry.png,reject,blurry,37.62386040003686,1,1,21,True
/project/project/extracted_frames_raw/IMG_0642/frame_000018.png,/project/project/extracted_frames_sorted/reject/IMG_0642/frame_000018__blurry.png,reject,blurry,40.01550728481147,2,1,21,True
/project/project/extracted_frames_raw/IMG_0642/frame_000019.png,/project/project/extracted_frames_sorted/reject/IMG_0642/frame_000019__blurry.png,reject,blurry,38.581745745322124,2,1,21,True
/project/project/extracted_frames_raw/IMG_0642/frame_000020.png,/project/project/extracted_frames_sorted/reject/IMG_0642/frame_000020__blurry.png,reject,blurry,39.581216724341424,2,1,21,True
/project/project/extracted_frames_raw/IMG_0642/frame_000021.png,/project/project/extracted_frames_sorted/reject/IMG_0642/frame_000021__blurry.png,reject,blurry,38.889473379219375,2,1,21,True
/project/project/extracted_frames_raw/IMG_0642/frame_000022.png,/project/project/extracted_frames_sorted/reject/IMG_0642/frame_000022__blurry.png,reject,blurry,43.210840564757206,2,1,21,True
/project/project/extracted_frames_raw/IMG_0642/frame_000023.png,/project/project/extracted_frames_sorted/reject/IMG_0642/frame_000023__blurry.png,reject,blurry,41.49761043588957,2,1,21,True
/project/project/extracted_frames_raw/IMG_0642/frame_000024.png,/project/project/extracted_frames_sorted/reject/IMG_0642/frame_000024__blurry.png,reject,blurry,44.5415233954924,2,1,21,True
/project/project/extracted_frames_raw/IMG_0642/frame_000025.png,/project/project/extracted_frames_sorted/reject/IMG_0642/frame_000025__blurry.png,reject,blurry,44.349665781278055,1,1,21,True
/project/project/extracted_frames_raw/IMG_0642/frame_000026.png,/project/project/extracted_frames_sorted/reject/IMG_0642/frame_000026__blurry.png,reject,blurry,40.7022627157599,2,1,21,True
/project/project/extracted_frames_raw/IMG_0642/frame_000027.png,/project/project/extracted_frames_sorted/reject/IMG_0642/frame_000027__blurry.png,reject,blurry,45.53313700860213,2,1,21,True
/project/project/extracted_frames_raw/IMG_0642/frame_000028.png,/project/project/extracted_frames_sorted/reject/IMG_0642/frame_000028__blurry.png,reject,blurry,29.973750955016463,2,2,42,True
/project/project/extracted_frames_raw/IMG_0642/frame_000029.png,/project/project/extracted_frames_sorted/reject/IMG_0642/frame_000029__blurry.png,reject,blurry,30.276875480154153,1,2,29,True
/project/project/extracted_frames_raw/IMG_0642/frame_000030.png,/project/project/extracted_frames_sorted/reject/IMG_0642/frame_000030__blurry.png,reject,blurry,58.80045372432759,1,2,33,True
/project/project/extracted_frames_raw/IMG_0642/frame_000031.png,/project/project/extracted_frames_sorted/reject/IMG_0642/frame_000031__blurry.png,reject,blurry,68.82787169488603,1,2,32,True
/project/project/extracted_frames_raw/IMG_0642/frame_000032.png,/project/project/extracted_frames_sorted/keep/IMG_0642/frame_000032__good_hands.png,keep,good_hands,90.87560667274171,1,2,29,True
/project/project/extracted_frames_raw/IMG_0642/frame_000033.png,/project/project/extracted_frames_sorted/reject/IMG_0642/frame_000033__blurry.png,reject,blurry,87.67497154088879,1,2,29,True
/project/project/extracted_frames_raw/IMG_0642/frame_000034.png,/project/project/extracted_frames_sorted/reject/IMG_0642/frame_000034__blurry.png,reject,blurry,85.92512866179648,1,2,33,True
/project/project/extracted_frames_raw/IMG_0642/frame_000035.png,/project/project/extracted_frames_sorted/reject/IMG_0642/frame_000035__blurry.png,reject,blurry,86.3690280017293,1,2,32,True
/project/project/extracted_frames_raw/IMG_0642/frame_000036.png,/project/project/extracted_frames_sorted/keep/IMG_0642/frame_000036__good_hands.png,keep,good_hands,96.14028738102932,1,2,33,True
/project/project/extracted_frames_raw/IMG_0642/frame_000037.png,/project/project/extracted_frames_sorted/keep/IMG_0642/frame_000037__good_hands.png,keep,good_hands,90.77694249719879,1,2,29,True
/project/project/extracted_frames_raw/IMG_0642/frame_000038.png,/project/project/extracted_frames_sorted/reject/IMG_0642/frame_000038__blurry.png,reject,blurry,86.65786160270788,1,2,29,True
/project/project/extracted_frames_raw/IMG_0642/frame_000039.png,/project/project/extracted_frames_sorted/reject/IMG_0642/frame_000039__blurry.png,reject,blurry,80.62334506385682,2,2,29,True
/project/project/extracted_frames_raw/IMG_0642/frame_000040.png,/project/project/extracted_frames_sorted/reject/IMG_0642/frame_000040__blurry.png,reject,blurry,89.99886955332997,2,2,29,True
/project/project/extracted_frames_raw/IMG_0642/frame_000041.png,/project/project/extracted_frames_sorted/reject/IMG_0642/frame_000041__blurry.png,reject,blurry,68.71707463800878,2,2,31,True
/project/project/extracted_frames_raw/IMG_0642/frame_000042.png,/project/project/extracted_frames_sorted/reject/IMG_0642/frame_000042__blurry.png,reject,blurry,72.04642264654548,2,2,33,True
/project/project/extracted_frames_raw/IMG_0642/frame_000043.png,/project/project/extracted_frames_sorted/reject/IMG_0642/frame_000043__blurry.png,reject,blurry,77.58102864346091,1,2,29,True
/project/project/extracted_frames_raw/IMG_0642/frame_000044.png,/project/project/extracted_frames_sorted/reject/IMG_0642/frame_000044__blurry.png,reject,blurry,74.08176793588441,2,2,29,True
/project/project/extracted_frames_raw/IMG_0642/frame_000045.png,/project/project/extracted_frames_sorted/reject/IMG_0642/frame_000045__blurry.png,reject,blurry,81.89394000770761,2,2,29,True
/project/project/extracted_frames_raw/IMG_0642/frame_000046.png,/project/project/extracted_frames_sorted/reject/IMG_0642/frame_000046__blurry.png,reject,blurry,81.55289737273276,1,2,29,True
/project/project/extracted_frames_raw/IMG_2643/frame_000001.png,/project/project/extracted_frames_sorted/review/IMG_2643/frame_000001__no_face.png,review,no_face,221.38163606181936,0,0,0,True
/project/project/extracted_frames_raw/IMG_2643/frame_000002.png,/project/project/extracted_frames_sorted/review/IMG_2643/frame_000002__no_face.png,review,no_face,219.67549957472048,0,0,0,True
/project/project/extracted_frames_raw/IMG_2643/frame_000003.png,/project/project/extracted_frames_sorted/review/IMG_2643/frame_000003__no_face.png,review,no_face,214.10204183033665,0,1,21,True
/project/project/extracted_frames_raw/IMG_2643/frame_000004.png,/project/project/extracted_frames_sorted/review/IMG_2643/frame_000004__no_face.png,review,no_face,189.07806218366997,0,1,21,True
/project/project/extracted_frames_raw/IMG_2643/frame_000005.png,/project/project/extracted_frames_sorted/keep/IMG_2643/frame_000005__good_hands.png,keep,good_hands,244.21355074265276,1,1,21,True
/project/project/extracted_frames_raw/IMG_2643/frame_000006.png,/project/project/extracted_frames_sorted/review/IMG_2643/frame_000006__no_face.png,review,no_face,197.72650119594826,0,1,21,True
/project/project/extracted_frames_raw/IMG_2643/frame_000007.png,/project/project/extracted_frames_sorted/review/IMG_2643/frame_000007__no_face.png,review,no_face,192.512659983688,0,1,21,True
/project/project/extracted_frames_raw/IMG_2643/frame_000008.png,/project/project/extracted_frames_sorted/keep/IMG_2643/frame_000008__good_hands.png,keep,good_hands,159.00461994076218,1,1,21,True
/project/project/extracted_frames_raw/IMG_2643/frame_000009.png,/project/project/extracted_frames_sorted/review/IMG_2643/frame_000009__no_face.png,review,no_face,164.2421348977588,0,0,0,True
/project/project/extracted_frames_raw/IMG_2643/frame_000010.png,/project/project/extracted_frames_sorted/keep/IMG_2643/frame_000010__good_hands.png,keep,good_hands,174.80938850207335,1,1,21,True
/project/project/extracted_frames_raw/IMG_2643/frame_000011.png,/project/project/extracted_frames_sorted/keep/IMG_2643/frame_000011__good_hands.png,keep,good_hands,203.1017712077307,1,1,21,True
/project/project/extracted_frames_raw/IMG_2643/frame_000012.png,/project/project/extracted_frames_sorted/reject/IMG_2643/frame_000012__blurry.png,reject,blurry,88.88503370978006,0,1,21,True
/project/project/extracted_frames_raw/IMG_2643/frame_000013.png,/project/project/extracted_frames_sorted/reject/IMG_2643/frame_000013__blurry.png,reject,blurry,39.85812389146885,2,1,21,True
/project/project/extracted_frames_raw/IMG_2643/frame_000014.png,/project/project/extracted_frames_sorted/reject/IMG_2643/frame_000014__blurry.png,reject,blurry,48.77813893803492,2,1,21,True
/project/project/extracted_frames_raw/IMG_2643/frame_000015.png,/project/project/extracted_frames_sorted/reject/IMG_2643/frame_000015__blurry.png,reject,blurry,48.128637038167334,1,1,21,True
/project/project/extracted_frames_raw/IMG_2643/frame_000016.png,/project/project/extracted_frames_sorted/reject/IMG_2643/frame_000016__blurry.png,reject,blurry,59.264316951162485,1,1,21,True
/project/project/extracted_frames_raw/IMG_2643/frame_000017.png,/project/project/extracted_frames_sorted/reject/IMG_2643/frame_000017__blurry.png,reject,blurry,39.190513559483,1,2,42,True
/project/project/extracted_frames_raw/IMG_2643/frame_000018.png,/project/project/extracted_frames_sorted/reject/IMG_2643/frame_000018__blurry.png,reject,blurry,35.1433544190846,1,2,42,True
/project/project/extracted_frames_raw/IMG_2643/frame_000019.png,/project/project/extracted_frames_sorted/reject/IMG_2643/frame_000019__blurry.png,reject,blurry,36.85635947143925,1,2,42,True
/project/project/extracted_frames_raw/IMG_2643/frame_000020.png,/project/project/extracted_frames_sorted/reject/IMG_2643/frame_000020__blurry.png,reject,blurry,38.56899496163762,2,2,42,True
/project/project/extracted_frames_raw/IMG_2643/frame_000021.png,/project/project/extracted_frames_sorted/reject/IMG_2643/frame_000021__blurry.png,reject,blurry,31.49959398545538,1,2,42,True
/project/project/extracted_frames_raw/IMG_2643/frame_000022.png,/project/project/extracted_frames_sorted/reject/IMG_2643/frame_000022__blurry.png,reject,blurry,30.842835540608682,2,2,42,True
/project/project/extracted_frames_raw/IMG_2643/frame_000023.png,/project/project/extracted_frames_sorted/reject/IMG_2643/frame_000023__blurry.png,reject,blurry,35.21429661789859,2,2,42,True
/project/project/extracted_frames_raw/IMG_2643/frame_000024.png,/project/project/extracted_frames_sorted/reject/IMG_2643/frame_000024__blurry.png,reject,blurry,48.18764842193751,2,2,42,True
/project/project/extracted_frames_raw/IMG_2643/frame_000025.png,/project/project/extracted_frames_sorted/reject/IMG_2643/frame_000025__blurry.png,reject,blurry,38.33418643585957,1,1,21,True
/project/project/extracted_frames_raw/IMG_2643/frame_000026.png,/project/project/extracted_frames_sorted/reject/IMG_2643/frame_000026__blurry.png,reject,blurry,41.652362981515395,0,1,21,True
/project/project/extracted_frames_raw/IMG_2643/frame_000027.png,/project/project/extracted_frames_sorted/reject/IMG_2643/frame_000027__blurry.png,reject,blurry,51.79096748447262,1,1,21,True
/project/project/extracted_frames_raw/IMG_2643/frame_000028.png,/project/project/extracted_frames_sorted/reject/IMG_2643/frame_000028__blurry.png,reject,blurry,64.6943753360029,0,1,21,True
/project/project/extracted_frames_raw/IMG_2643/frame_000029.png,/project/project/extracted_frames_sorted/reject/IMG_2643/frame_000029__blurry.png,reject,blurry,47.144472413155,0,2,42,True
/project/project/extracted_frames_raw/IMG_2643/frame_000030.png,/project/project/extracted_frames_sorted/reject/IMG_2643/frame_000030__blurry.png,reject,blurry,41.22444915431565,0,2,42,True
/project/project/extracted_frames_raw/IMG_2643/frame_000031.png,/project/project/extracted_frames_sorted/reject/IMG_2643/frame_000031__blurry.png,reject,blurry,39.862150247617734,0,2,42,True
/project/project/extracted_frames_raw/IMG_2643/frame_000032.png,/project/project/extracted_frames_sorted/reject/IMG_2643/frame_000032__blurry.png,reject,blurry,44.880982065565654,0,2,42,True
/project/project/extracted_frames_raw/IMG_2643/frame_000033.png,/project/project/extracted_frames_sorted/reject/IMG_2643/frame_000033__blurry.png,reject,blurry,40.66333469212952,1,2,42,True
/project/project/extracted_frames_raw/IMG_2643/frame_000034.png,/project/project/extracted_frames_sorted/reject/IMG_2643/frame_000034__blurry.png,reject,blurry,83.42366849511444,0,1,21,True
/project/project/extracted_frames_raw/IMG_2643/frame_000035.png,/project/project/extracted_frames_sorted/review/IMG_2643/frame_000035__no_face.png,review,no_face,123.29498502374182,0,2,42,True
/project/project/extracted_frames_raw/IMG_2643/frame_000036.png,/project/project/extracted_frames_sorted/review/IMG_2643/frame_000036__no_face.png,review,no_face,146.56392825517474,0,1,21,True
/project/project/extracted_frames_raw/IMG_2643/frame_000037.png,/project/project/extracted_frames_sorted/keep/IMG_2643/frame_000037__good_hands.png,keep,good_hands,166.51358983475998,1,2,42,True
/project/project/extracted_frames_raw/IMG_2643/frame_000038.png,/project/project/extracted_frames_sorted/review/IMG_2643/frame_000038__no_face.png,review,no_face,144.08169511799653,0,2,42,True
/project/project/extracted_frames_raw/IMG_2643/frame_000039.png,/project/project/extracted_frames_sorted/review/IMG_2643/frame_000039__no_face.png,review,no_face,157.09881797744603,0,2,42,True
/project/project/extracted_frames_raw/IMG_2643/frame_000040.png,/project/project/extracted_frames_sorted/review/IMG_2643/frame_000040__no_face.png,review,no_face,171.1091425325193,0,2,42,True
/project/project/extracted_frames_raw/IMG_2643/frame_000041.png,/project/project/extracted_frames_sorted/reject/IMG_2643/frame_000041__blurry.png,reject,blurry,63.06192831975785,1,2,42,True
/project/project/extracted_frames_raw/IMG_2643/frame_000042.png,/project/project/extracted_frames_sorted/reject/IMG_2643/frame_000042__blurry.png,reject,blurry,26.97747972034978,1,2,42,True
/project/project/extracted_frames_raw/IMG_2643/frame_000043.png,/project/project/extracted_frames_sorted/reject/IMG_2643/frame_000043__blurry.png,reject,blurry,10.037326845352743,1,1,21,True
/project/project/extracted_frames_raw/IMG_2643/frame_000044.png,/project/project/extracted_frames_sorted/reject/IMG_2643/frame_000044__blurry.png,reject,blurry,8.86423174410638,1,2,40,True
/project/project/extracted_frames_raw/IMG_2643/frame_000045.png,/project/project/extracted_frames_sorted/reject/IMG_2643/frame_000045__blurry.png,reject,blurry,10.70473992372899,1,2,42,True
/project/project/extracted_frames_raw/IMG_2643/frame_000046.png,/project/project/extracted_frames_sorted/reject/IMG_2643/frame_000046__blurry.png,reject,blurry,12.403634685900439,1,2,42,True
/project/project/extracted_frames_raw/IMG_2643/frame_000047.png,/project/project/extracted_frames_sorted/reject/IMG_2643/frame_000047__blurry.png,reject,blurry,14.930876253734999,1,2,42,True
/project/project/extracted_frames_raw/IMG_2643/frame_000048.png,/project/project/extracted_frames_sorted/reject/IMG_2643/frame_000048__blurry.png,reject,blurry,17.19855558088478,1,2,42,True
/project/project/extracted_frames_raw/IMG_2643/frame_000049.png,/project/project/extracted_frames_sorted/reject/IMG_2643/frame_000049__blurry.png,reject,blurry,17.26731622601884,1,2,42,True
/project/project/extracted_frames_raw/IMG_2643/frame_000050.png,/project/project/extracted_frames_sorted/reject/IMG_2643/frame_000050__blurry.png,reject,blurry,16.702319392526878,1,2,42,True
/project/project/extracted_frames_raw/IMG_2643/frame_000051.png,/project/project/extracted_frames_sorted/reject/IMG_2643/frame_000051__blurry.png,reject,blurry,20.43919411027185,1,2,42,True
/project/project/extracted_frames_raw/IMG_2643/frame_000052.png,/project/project/extracted_frames_sorted/reject/IMG_2643/frame_000052__blurry.png,reject,blurry,23.630880384243174,2,2,42,True
/project/project/extracted_frames_raw/IMG_2643/frame_000053.png,/project/project/extracted_frames_sorted/reject/IMG_2643/frame_000053__blurry.png,reject,blurry,23.513968425092912,1,2,42,True
/project/project/extracted_frames_raw/IMG_2643/frame_000054.png,/project/project/extracted_frames_sorted/reject/IMG_2643/frame_000054__blurry.png,reject,blurry,24.340869502029918,1,2,42,True
/project/project/extracted_frames_raw/IMG_2643/frame_000055.png,/project/project/extracted_frames_sorted/reject/IMG_2643/frame_000055__blurry.png,reject,blurry,24.84712189429011,1,2,42,True
/project/project/extracted_frames_raw/IMG_2643/frame_000056.png,/project/project/extracted_frames_sorted/reject/IMG_2643/frame_000056__blurry.png,reject,blurry,26.44106674364483,0,1,21,True
/project/project/extracted_frames_raw/IMG_2643/frame_000057.png,/project/project/extracted_frames_sorted/reject/IMG_2643/frame_000057__blurry.png,reject,blurry,14.788808828922798,1,0,0,True
/project/project/extracted_frames_raw/IMG_2643/frame_000058.png,/project/project/extracted_frames_sorted/reject/IMG_2643/frame_000058__blurry.png,reject,blurry,5.467626285472393,1,2,42,True
/project/project/extracted_frames_raw/IMG_2643/frame_000059.png,/project/project/extracted_frames_sorted/reject/IMG_2643/frame_000059__blurry.png,reject,blurry,20.09511414177011,1,2,42,True
/project/project/extracted_frames_raw/IMG_2643/frame_000060.png,/project/project/extracted_frames_sorted/reject/IMG_2643/frame_000060__blurry.png,reject,blurry,21.90976505985757,1,2,42,True
/project/project/extracted_frames_raw/IMG_4414/frame_000001.png,/project/project/extracted_frames_sorted/reject/IMG_4414/frame_000001__blurry.png,reject,blurry,34.402640802179675,1,1,18,True
/project/project/extracted_frames_raw/IMG_4414/frame_000002.png,/project/project/extracted_frames_sorted/reject/IMG_4414/frame_000002__blurry.png,reject,blurry,17.707983801059285,1,0,0,True
/project/project/extracted_frames_raw/IMG_4414/frame_000003.png,/project/project/extracted_frames_sorted/reject/IMG_4414/frame_000003__blurry.png,reject,blurry,9.87633631551401,1,0,0,True
/project/project/extracted_frames_raw/IMG_4414/frame_000004.png,/project/project/extracted_frames_sorted/reject/IMG_4414/frame_000004__blurry.png,reject,blurry,11.414659746797927,1,0,0,True
/project/project/extracted_frames_raw/IMG_4414/frame_000005.png,/project/project/extracted_frames_sorted/reject/IMG_4414/frame_000005__blurry.png,reject,blurry,19.53040070001468,1,0,0,True
/project/project/extracted_frames_raw/IMG_4414/frame_000006.png,/project/project/extracted_frames_sorted/reject/IMG_4414/frame_000006__blurry.png,reject,blurry,34.44193149559537,1,1,14,True
/project/project/extracted_frames_raw/IMG_4414/frame_000007.png,/project/project/extracted_frames_sorted/reject/IMG_4414/frame_000007__blurry.png,reject,blurry,55.61981095655195,1,0,0,True
/project/project/extracted_frames_raw/IMG_4414/frame_000008.png,/project/project/extracted_frames_sorted/reject/IMG_4414/frame_000008__blurry.png,reject,blurry,43.762576085262026,1,0,0,True
/project/project/extracted_frames_raw/IMG_4414/frame_000009.png,/project/project/extracted_frames_sorted/reject/IMG_4414/frame_000009__blurry.png,reject,blurry,54.01344847359059,1,0,0,True
/project/project/extracted_frames_raw/IMG_4414/frame_000010.png,/project/project/extracted_frames_sorted/reject/IMG_4414/frame_000010__blurry.png,reject,blurry,56.2131996765553,1,0,0,True
/project/project/extracted_frames_raw/IMG_4414/frame_000011.png,/project/project/extracted_frames_sorted/reject/IMG_4414/frame_000011__blurry.png,reject,blurry,59.568832931321765,1,0,0,True
/project/project/extracted_frames_raw/IMG_4414/frame_000012.png,/project/project/extracted_frames_sorted/reject/IMG_4414/frame_000012__blurry.png,reject,blurry,37.86132756734251,1,0,0,True
/project/project/extracted_frames_raw/IMG_4414/frame_000013.png,/project/project/extracted_frames_sorted/reject/IMG_4414/frame_000013__blurry.png,reject,blurry,11.004537951902961,1,0,0,True
/project/project/extracted_frames_raw/IMG_4414/frame_000014.png,/project/project/extracted_frames_sorted/reject/IMG_4414/frame_000014__blurry.png,reject,blurry,10.363874406054723,1,2,42,True
/project/project/extracted_frames_raw/IMG_4414/frame_000015.png,/project/project/extracted_frames_sorted/reject/IMG_4414/frame_000015__blurry.png,reject,blurry,14.129623840951597,1,0,0,True
/project/project/extracted_frames_raw/IMG_4414/frame_000016.png,/project/project/extracted_frames_sorted/reject/IMG_4414/frame_000016__blurry.png,reject,blurry,18.188830866683237,1,2,27,True
/project/project/extracted_frames_raw/IMG_4414/frame_000017.png,/project/project/extracted_frames_sorted/reject/IMG_4414/frame_000017__blurry.png,reject,blurry,14.250439814799936,1,0,0,True
/project/project/extracted_frames_raw/IMG_4414/frame_000018.png,/project/project/extracted_frames_sorted/reject/IMG_4414/frame_000018__blurry.png,reject,blurry,23.51249370302848,1,0,0,True
/project/project/extracted_frames_raw/IMG_4414/frame_000019.png,/project/project/extracted_frames_sorted/reject/IMG_4414/frame_000019__blurry.png,reject,blurry,26.62980033534359,1,1,9,True
/project/project/extracted_frames_raw/IMG_4414/frame_000020.png,/project/project/extracted_frames_sorted/reject/IMG_4414/frame_000020__blurry.png,reject,blurry,38.92165556488035,1,1,21,True
/project/project/extracted_frames_raw/IMG_4414/frame_000021.png,/project/project/extracted_frames_sorted/reject/IMG_4414/frame_000021__blurry.png,reject,blurry,49.48207319717513,1,2,42,True
/project/project/extracted_frames_raw/IMG_4414/frame_000022.png,/project/project/extracted_frames_sorted/reject/IMG_4414/frame_000022__blurry.png,reject,blurry,53.24253601976561,1,2,42,True
/project/project/extracted_frames_raw/IMG_4414/frame_000023.png,/project/project/extracted_frames_sorted/reject/IMG_4414/frame_000023__blurry.png,reject,blurry,72.4139081781184,1,2,42,True
/project/project/extracted_frames_raw/IMG_4414/frame_000024.png,/project/project/extracted_frames_sorted/reject/IMG_4414/frame_000024__blurry.png,reject,blurry,14.977742563143671,1,1,21,True
/project/project/extracted_frames_raw/IMG_4414/frame_000025.png,/project/project/extracted_frames_sorted/reject/IMG_4414/frame_000025__blurry.png,reject,blurry,13.333062110253174,1,2,42,True
/project/project/extracted_frames_raw/IMG_4414/frame_000026.png,/project/project/extracted_frames_sorted/reject/IMG_4414/frame_000026__blurry.png,reject,blurry,36.15780868475643,1,2,42,True
/project/project/extracted_frames_raw/IMG_4414/frame_000027.png,/project/project/extracted_frames_sorted/reject/IMG_4414/frame_000027__blurry.png,reject,blurry,37.477561155295085,1,2,42,True
/project/project/extracted_frames_raw/IMG_4414/frame_000028.png,/project/project/extracted_frames_sorted/reject/IMG_4414/frame_000028__blurry.png,reject,blurry,15.695922665522954,1,2,42,True
/project/project/extracted_frames_raw/IMG_4414/frame_000029.png,/project/project/extracted_frames_sorted/reject/IMG_4414/frame_000029__blurry.png,reject,blurry,12.66559892852649,0,0,0,True
/project/project/extracted_frames_raw/IMG_4414/frame_000030.png,/project/project/extracted_frames_sorted/reject/IMG_4414/frame_000030__blurry.png,reject,blurry,34.045309751040016,1,1,21,True
/project/project/extracted_frames_raw/IMG_4414/frame_000031.png,/project/project/extracted_frames_sorted/reject/IMG_4414/frame_000031__blurry.png,reject,blurry,27.806843054718282,1,1,21,True
/project/project/extracted_frames_raw/IMG_4414/frame_000032.png,/project/project/extracted_frames_sorted/reject/IMG_4414/frame_000032__blurry.png,reject,blurry,51.84136814404658,1,2,42,True
/project/project/extracted_frames_raw/IMG_4414/frame_000033.png,/project/project/extracted_frames_sorted/reject/IMG_4414/frame_000033__blurry.png,reject,blurry,51.357272852617214,1,2,42,True
/project/project/extracted_frames_raw/IMG_5364/frame_000001.png,/project/project/extracted_frames_sorted/reject/IMG_5364/frame_000001__blurry.png,reject,blurry,42.73820311513079,0,2,42,True
/project/project/extracted_frames_raw/IMG_5364/frame_000002.png,/project/project/extracted_frames_sorted/reject/IMG_5364/frame_000002__blurry.png,reject,blurry,25.81289045942062,0,2,42,True
/project/project/extracted_frames_raw/IMG_5364/frame_000003.png,/project/project/extracted_frames_sorted/reject/IMG_5364/frame_000003__blurry.png,reject,blurry,9.388532146837948,1,0,0,True
/project/project/extracted_frames_raw/IMG_5364/frame_000004.png,/project/project/extracted_frames_sorted/reject/IMG_5364/frame_000004__blurry.png,reject,blurry,8.63857011814732,1,0,0,True
/project/project/extracted_frames_raw/IMG_5364/frame_000005.png,/project/project/extracted_frames_sorted/reject/IMG_5364/frame_000005__blurry.png,reject,blurry,26.146621303722664,1,2,42,True
/project/project/extracted_frames_raw/IMG_5364/frame_000006.png,/project/project/extracted_frames_sorted/reject/IMG_5364/frame_000006__blurry.png,reject,blurry,19.084544500572413,0,0,0,True
/project/project/extracted_frames_raw/IMG_5364/frame_000007.png,/project/project/extracted_frames_sorted/reject/IMG_5364/frame_000007__blurry.png,reject,blurry,10.890570468004064,0,0,0,True
/project/project/extracted_frames_raw/IMG_5364/frame_000008.png,/project/project/extracted_frames_sorted/reject/IMG_5364/frame_000008__blurry.png,reject,blurry,24.10091477984937,1,0,0,True
/project/project/extracted_frames_raw/IMG_5364/frame_000009.png,/project/project/extracted_frames_sorted/reject/IMG_5364/frame_000009__blurry.png,reject,blurry,12.848622569264899,1,0,0,True
/project/project/extracted_frames_raw/IMG_5364/frame_000010.png,/project/project/extracted_frames_sorted/reject/IMG_5364/frame_000010__blurry.png,reject,blurry,8.544506600837027,1,0,0,True
/project/project/extracted_frames_raw/IMG_5364/frame_000011.png,/project/project/extracted_frames_sorted/reject/IMG_5364/frame_000011__blurry.png,reject,blurry,6.314882710270301,0,1,21,True
/project/project/extracted_frames_raw/IMG_5364/frame_000012.png,/project/project/extracted_frames_sorted/reject/IMG_5364/frame_000012__blurry.png,reject,blurry,6.703921985477032,0,1,21,True
/project/project/extracted_frames_raw/IMG_5364/frame_000013.png,/project/project/extracted_frames_sorted/reject/IMG_5364/frame_000013__blurry.png,reject,blurry,7.811893418249136,0,0,0,True
/project/project/extracted_frames_raw/IMG_5364/frame_000014.png,/project/project/extracted_frames_sorted/reject/IMG_5364/frame_000014__blurry.png,reject,blurry,10.323230088110298,1,0,0,True
/project/project/extracted_frames_raw/IMG_5364/frame_000015.png,/project/project/extracted_frames_sorted/reject/IMG_5364/frame_000015__blurry.png,reject,blurry,11.306188271492378,1,0,0,True
/project/project/extracted_frames_raw/IMG_5364/frame_000016.png,/project/project/extracted_frames_sorted/reject/IMG_5364/frame_000016__blurry.png,reject,blurry,16.44390182903948,1,0,0,True
/project/project/extracted_frames_raw/IMG_5364/frame_000017.png,/project/project/extracted_frames_sorted/reject/IMG_5364/frame_000017__blurry.png,reject,blurry,18.3786795855338,1,0,0,True
/project/project/extracted_frames_raw/IMG_5364/frame_000018.png,/project/project/extracted_frames_sorted/reject/IMG_5364/frame_000018__blurry.png,reject,blurry,13.260723861863873,1,0,0,True
/project/project/extracted_frames_raw/IMG_5364/frame_000019.png,/project/project/extracted_frames_sorted/reject/IMG_5364/frame_000019__blurry.png,reject,blurry,8.587179941826868,1,0,0,True
/project/project/extracted_frames_raw/IMG_5364/frame_000020.png,/project/project/extracted_frames_sorted/reject/IMG_5364/frame_000020__blurry.png,reject,blurry,3.721808434538573,0,1,21,True
/project/project/extracted_frames_raw/IMG_5364/frame_000021.png,/project/project/extracted_frames_sorted/reject/IMG_5364/frame_000021__blurry.png,reject,blurry,9.318180451653234,0,0,0,True
/project/project/extracted_frames_raw/IMG_5364/frame_000022.png,/project/project/extracted_frames_sorted/reject/IMG_5364/frame_000022__blurry.png,reject,blurry,10.792403048239295,0,0,0,True
/project/project/extracted_frames_raw/IMG_5364/frame_000023.png,/project/project/extracted_frames_sorted/reject/IMG_5364/frame_000023__blurry.png,reject,blurry,5.486516640315547,0,0,0,True
/project/project/extracted_frames_raw/IMG_5364/frame_000024.png,/project/project/extracted_frames_sorted/reject/IMG_5364/frame_000024__blurry.png,reject,blurry,29.872836074333478,0,1,21,True
/project/project/extracted_frames_raw/IMG_5364/frame_000025.png,/project/project/extracted_frames_sorted/reject/IMG_5364/frame_000025__blurry.png,reject,blurry,9.167068840106165,0,0,0,True
/project/project/extracted_frames_raw/IMG_5364/frame_000026.png,/project/project/extracted_frames_sorted/reject/IMG_5364/frame_000026__blurry.png,reject,blurry,25.68846061867341,0,0,0,True
/project/project/extracted_frames_raw/IMG_5364/frame_000027.png,/project/project/extracted_frames_sorted/reject/IMG_5364/frame_000027__blurry.png,reject,blurry,5.139354735691815,0,0,0,True
/project/project/extracted_frames_raw/IMG_5364/frame_000028.png,/project/project/extracted_frames_sorted/reject/IMG_5364/frame_000028__blurry.png,reject,blurry,63.97487545947631,0,0,0,True
/project/project/extracted_frames_raw/IMG_5364/frame_000029.png,/project/project/extracted_frames_sorted/review/IMG_5364/frame_000029__no_face.png,review,no_face,124.92778160891773,0,0,0,True
/project/project/extracted_frames_raw/IMG_5364/frame_000030.png,/project/project/extracted_frames_sorted/review/IMG_5364/frame_000030__no_face.png,review,no_face,177.20784369946185,0,0,0,True
/project/project/extracted_frames_raw/IMG_5364/frame_000031.png,/project/project/extracted_frames_sorted/review/IMG_5364/frame_000031__no_face.png,review,no_face,152.92734247362836,0,0,0,True
/project/project/extracted_frames_raw/IMG_5364/frame_000032.png,/project/project/extracted_frames_sorted/reject/IMG_5364/frame_000032__blurry.png,reject,blurry,61.58343848373464,0,0,0,True
/project/project/extracted_frames_raw/IMG_5364/frame_000033.png,/project/project/extracted_frames_sorted/review/IMG_5364/frame_000033__no_face.png,review,no_face,122.02616511765086,0,0,0,True
/project/project/extracted_frames_raw/IMG_5364/frame_000034.png,/project/project/extracted_frames_sorted/review/IMG_5364/frame_000034__no_face.png,review,no_face,128.05314655513877,0,0,0,True
/project/project/extracted_frames_raw/IMG_5393/frame_000001.png,/project/project/extracted_frames_sorted/reject/IMG_5393/frame_000001__blurry.png,reject,blurry,70.66907453383291,0,0,0,True
/project/project/extracted_frames_raw/IMG_5393/frame_000002.png,/project/project/extracted_frames_sorted/review/IMG_5393/frame_000002__no_face.png,review,no_face,116.68558392166511,0,1,21,True
/project/project/extracted_frames_raw/IMG_5393/frame_000003.png,/project/project/extracted_frames_sorted/review/IMG_5393/frame_000003__no_face.png,review,no_face,96.45161732576727,0,0,0,True
/project/project/extracted_frames_raw/IMG_5393/frame_000004.png,/project/project/extracted_frames_sorted/review/IMG_5393/frame_000004__no_face.png,review,no_face,124.02492465843376,0,0,0,True
/project/project/extracted_frames_raw/IMG_5393/frame_000005.png,/project/project/extracted_frames_sorted/review/IMG_5393/frame_000005__no_face.png,review,no_face,107.71814195956009,0,0,0,True
/project/project/extracted_frames_raw/IMG_5393/frame_000006.png,/project/project/extracted_frames_sorted/review/IMG_5393/frame_000006__no_face.png,review,no_face,129.92129982399902,0,0,0,True
/project/project/extracted_frames_raw/IMG_5393/frame_000007.png,/project/project/extracted_frames_sorted/review/IMG_5393/frame_000007__no_face.png,review,no_face,116.21648049433615,0,0,0,True
/project/project/extracted_frames_raw/IMG_5393/frame_000008.png,/project/project/extracted_frames_sorted/keep/IMG_5393/frame_000008__good_hands.png,keep,good_hands,101.69305548824018,1,1,21,True
/project/project/extracted_frames_raw/IMG_5393/frame_000009.png,/project/project/extracted_frames_sorted/review/IMG_5393/frame_000009__no_face.png,review,no_face,95.44314813808629,0,0,0,True
/project/project/extracted_frames_raw/IMG_5393/frame_000010.png,/project/project/extracted_frames_sorted/review/IMG_5393/frame_000010__no_face.png,review,no_face,118.34141717748285,0,0,0,True
/project/project/extracted_frames_raw/IMG_5393/frame_000011.png,/project/project/extracted_frames_sorted/review/IMG_5393/frame_000011__no_face.png,review,no_face,128.86826173101468,0,1,21,True
/project/project/extracted_frames_raw/IMG_5393/frame_000012.png,/project/project/extracted_frames_sorted/review/IMG_5393/frame_000012__no_face.png,review,no_face,137.5311212319398,0,0,0,True
/project/project/extracted_frames_raw/IMG_5393/frame_000013.png,/project/project/extracted_frames_sorted/keep/IMG_5393/frame_000013__face_only.png,keep,face_only,134.8554012343585,1,0,0,True
/project/project/extracted_frames_raw/IMG_5393/frame_000014.png,/project/project/extracted_frames_sorted/keep/IMG_5393/frame_000014__face_only.png,keep,face_only,96.81454410912966,1,0,0,True
/project/project/extracted_frames_raw/IMG_5839/frame_000001.png,/project/project/extracted_frames_sorted/reject/IMG_5839/frame_000001__blurry.png,reject,blurry,15.244119399760683,1,2,42,True
/project/project/extracted_frames_raw/IMG_5839/frame_000002.png,/project/project/extracted_frames_sorted/reject/IMG_5839/frame_000002__blurry.png,reject,blurry,12.975059317101483,1,2,42,True
/project/project/extracted_frames_raw/IMG_5839/frame_000003.png,/project/project/extracted_frames_sorted/reject/IMG_5839/frame_000003__blurry.png,reject,blurry,20.616567322497378,1,1,21,True
/project/project/extracted_frames_raw/IMG_5839/frame_000004.png,/project/project/extracted_frames_sorted/reject/IMG_5839/frame_000004__blurry.png,reject,blurry,18.919097672118365,1,2,42,True
/project/project/extracted_frames_raw/IMG_5839/frame_000005.png,/project/project/extracted_frames_sorted/reject/IMG_5839/frame_000005__blurry.png,reject,blurry,9.319570775729957,1,1,21,True
/project/project/extracted_frames_raw/IMG_5839/frame_000006.png,/project/project/extracted_frames_sorted/reject/IMG_5839/frame_000006__blurry.png,reject,blurry,21.07874659718517,1,1,21,True
/project/project/extracted_frames_raw/IMG_5839/frame_000007.png,/project/project/extracted_frames_sorted/reject/IMG_5839/frame_000007__blurry.png,reject,blurry,29.32349487696308,1,1,21,True
/project/project/extracted_frames_raw/IMG_5839/frame_000008.png,/project/project/extracted_frames_sorted/reject/IMG_5839/frame_000008__blurry.png,reject,blurry,25.217453216147824,1,2,42,True
/project/project/extracted_frames_raw/IMG_5839/frame_000009.png,/project/project/extracted_frames_sorted/reject/IMG_5839/frame_000009__blurry.png,reject,blurry,14.030967937826821,1,1,21,True
/project/project/extracted_frames_raw/IMG_5839/frame_000010.png,/project/project/extracted_frames_sorted/reject/IMG_5839/frame_000010__blurry.png,reject,blurry,10.479118171094427,1,0,0,True
/project/project/extracted_frames_raw/IMG_5839/frame_000011.png,/project/project/extracted_frames_sorted/reject/IMG_5839/frame_000011__blurry.png,reject,blurry,5.640671976316866,0,0,0,True
/project/project/extracted_frames_raw/IMG_5839/frame_000012.png,/project/project/extracted_frames_sorted/reject/IMG_5839/frame_000012__blurry.png,reject,blurry,10.011447660394364,0,0,0,True
/project/project/extracted_frames_raw/IMG_5839/frame_000013.png,/project/project/extracted_frames_sorted/reject/IMG_5839/frame_000013__blurry.png,reject,blurry,9.860553129870661,1,1,21,True
/project/project/extracted_frames_raw/IMG_5839/frame_000014.png,/project/project/extracted_frames_sorted/reject/IMG_5839/frame_000014__blurry.png,reject,blurry,18.32390335634754,0,0,0,True
/project/project/extracted_frames_raw/IMG_5839/frame_000015.png,/project/project/extracted_frames_sorted/reject/IMG_5839/frame_000015__blurry.png,reject,blurry,13.072145520939577,1,1,21,True
/project/project/extracted_frames_raw/IMG_5839/frame_000016.png,/project/project/extracted_frames_sorted/reject/IMG_5839/frame_000016__blurry.png,reject,blurry,24.22462478328378,0,0,0,True
/project/project/extracted_frames_raw/IMG_5839/frame_000017.png,/project/project/extracted_frames_sorted/reject/IMG_5839/frame_000017__blurry.png,reject,blurry,18.323798678581657,0,1,21,True
/project/project/extracted_frames_raw/IMG_5839/frame_000018.png,/project/project/extracted_frames_sorted/reject/IMG_5839/frame_000018__blurry.png,reject,blurry,29.659638777551816,0,0,0,True
/project/project/extracted_frames_raw/IMG_5839/frame_000019.png,/project/project/extracted_frames_sorted/reject/IMG_5839/frame_000019__blurry.png,reject,blurry,22.345643406930296,0,1,21,True
/project/project/extracted_frames_raw/IMG_5839/frame_000020.png,/project/project/extracted_frames_sorted/reject/IMG_5839/frame_000020__blurry.png,reject,blurry,18.832834196015636,0,2,42,True
/project/project/extracted_frames_raw/IMG_5839/frame_000021.png,/project/project/extracted_frames_sorted/reject/IMG_5839/frame_000021__blurry.png,reject,blurry,24.19967225015178,0,2,42,True
/project/project/extracted_frames_raw/IMG_5839/frame_000022.png,/project/project/extracted_frames_sorted/reject/IMG_5839/frame_000022__blurry.png,reject,blurry,9.763084280848085,0,2,42,True
/project/project/extracted_frames_raw/IMG_5839/frame_000023.png,/project/project/extracted_frames_sorted/reject/IMG_5839/frame_000023__blurry.png,reject,blurry,13.201775917865115,1,1,21,True
/project/project/extracted_frames_raw/IMG_5839/frame_000024.png,/project/project/extracted_frames_sorted/reject/IMG_5839/frame_000024__blurry.png,reject,blurry,27.933619758083836,1,2,42,True
/project/project/extracted_frames_raw/IMG_5839/frame_000025.png,/project/project/extracted_frames_sorted/reject/IMG_5839/frame_000025__blurry.png,reject,blurry,11.122527451400861,1,2,30,True
/project/project/extracted_frames_raw/IMG_5839/frame_000026.png,/project/project/extracted_frames_sorted/reject/IMG_5839/frame_000026__blurry.png,reject,blurry,11.63702567143114,1,0,0,True
/project/project/extracted_frames_raw/IMG_5839/frame_000027.png,/project/project/extracted_frames_sorted/reject/IMG_5839/frame_000027__blurry.png,reject,blurry,7.309201769528116,1,2,42,True
/project/project/extracted_frames_raw/IMG_5839/frame_000028.png,/project/project/extracted_frames_sorted/reject/IMG_5839/frame_000028__blurry.png,reject,blurry,6.526876632046218,0,0,0,True
/project/project/extracted_frames_raw/IMG_5839/frame_000029.png,/project/project/extracted_frames_sorted/reject/IMG_5839/frame_000029__blurry.png,reject,blurry,30.15269386078333,1,1,21,True
/project/project/extracted_frames_raw/IMG_5839/frame_000030.png,/project/project/extracted_frames_sorted/reject/IMG_5839/frame_000030__blurry.png,reject,blurry,39.405540028196924,1,1,21,True
/project/project/extracted_frames_raw/IMG_5839/frame_000031.png,/project/project/extracted_frames_sorted/reject/IMG_5839/frame_000031__blurry.png,reject,blurry,50.839238968526715,1,1,21,True
/project/project/extracted_frames_raw/IMG_5839/frame_000032.png,/project/project/extracted_frames_sorted/reject/IMG_5839/frame_000032__blurry.png,reject,blurry,66.11866836098042,0,0,0,True
/project/project/extracted_frames_raw/IMG_5839/frame_000033.png,/project/project/extracted_frames_sorted/keep/IMG_5839/frame_000033__face_only.png,keep,face_only,104.79406827341685,1,0,0,True
/project/project/extracted_frames_raw/IMG_5839/frame_000034.png,/project/project/extracted_frames_sorted/keep/IMG_5839/frame_000034__face_only.png,keep,face_only,121.98359939115547,1,0,0,True
/project/project/extracted_frames_raw/IMG_5839/frame_000035.png,/project/project/extracted_frames_sorted/reject/IMG_5839/frame_000035__blurry.png,reject,blurry,21.83547067899746,1,1,21,True
/project/project/extracted_frames_raw/IMG_5839/frame_000036.png,/project/project/extracted_frames_sorted/reject/IMG_5839/frame_000036__blurry.png,reject,blurry,21.467223054509756,1,1,21,True
/project/project/extracted_frames_raw/IMG_5839/frame_000037.png,/project/project/extracted_frames_sorted/reject/IMG_5839/frame_000037__blurry.png,reject,blurry,26.899004974708504,1,1,21,True
/project/project/extracted_frames_raw/IMG_5839/frame_000038.png,/project/project/extracted_frames_sorted/reject/IMG_5839/frame_000038__blurry.png,reject,blurry,30.484709785450733,1,1,21,True
/project/project/extracted_frames_raw/IMG_5839/frame_000039.png,/project/project/extracted_frames_sorted/reject/IMG_5839/frame_000039__blurry.png,reject,blurry,19.499337733942756,2,0,0,True
/project/project/extracted_frames_raw/IMG_5839/frame_000040.png,/project/project/extracted_frames_sorted/reject/IMG_5839/frame_000040__blurry.png,reject,blurry,1.2987045079937527,0,0,0,True
/project/project/extracted_frames_raw/IMG_5839/frame_000041.png,/project/project/extracted_frames_sorted/reject/IMG_5839/frame_000041__blurry.png,reject,blurry,2.6538352902238413,0,0,0,True
/project/project/extracted_frames_raw/IMG_5839/frame_000042.png,/project/project/extracted_frames_sorted/reject/IMG_5839/frame_000042__blurry.png,reject,blurry,7.699107532717857,1,1,21,True
/project/project/extracted_frames_raw/IMG_5839/frame_000043.png,/project/project/extracted_frames_sorted/reject/IMG_5839/frame_000043__blurry.png,reject,blurry,14.386272181840962,1,2,42,True
/project/project/extracted_frames_raw/IMG_6793/frame_000001.png,/project/project/extracted_frames_sorted/reject/IMG_6793/frame_000001__blurry.png,reject,blurry,4.362882905258363,1,0,0,True
/project/project/extracted_frames_raw/IMG_6793/frame_000002.png,/project/project/extracted_frames_sorted/reject/IMG_6793/frame_000002__blurry.png,reject,blurry,6.621142938326384,1,0,0,True
/project/project/extracted_frames_raw/IMG_6793/frame_000003.png,/project/project/extracted_frames_sorted/reject/IMG_6793/frame_000003__blurry.png,reject,blurry,7.117717495276588,1,0,0,True
/project/project/extracted_frames_raw/IMG_6793/frame_000004.png,/project/project/extracted_frames_sorted/reject/IMG_6793/frame_000004__blurry.png,reject,blurry,7.44719279814157,1,0,0,True
/project/project/extracted_frames_raw/IMG_6793/frame_000005.png,/project/project/extracted_frames_sorted/reject/IMG_6793/frame_000005__blurry.png,reject,blurry,6.739265046113964,1,0,0,True
/project/project/extracted_frames_raw/IMG_6793/frame_000006.png,/project/project/extracted_frames_sorted/reject/IMG_6793/frame_000006__blurry.png,reject,blurry,25.349769455503516,1,0,0,True
/project/project/extracted_frames_raw/IMG_6793/frame_000007.png,/project/project/extracted_frames_sorted/reject/IMG_6793/frame_000007__blurry.png,reject,blurry,5.4720322137768385,1,0,0,True
/project/project/extracted_frames_raw/IMG_6793/frame_000008.png,/project/project/extracted_frames_sorted/reject/IMG_6793/frame_000008__blurry.png,reject,blurry,6.376875464149758,1,0,0,True
/project/project/extracted_frames_raw/IMG_6793/frame_000009.png,/project/project/extracted_frames_sorted/reject/IMG_6793/frame_000009__blurry.png,reject,blurry,5.894245268616966,1,1,21,True
/project/project/extracted_frames_raw/IMG_6793/frame_000010.png,/project/project/extracted_frames_sorted/reject/IMG_6793/frame_000010__blurry.png,reject,blurry,10.730949539747625,1,0,0,True
/project/project/extracted_frames_raw/IMG_6793/frame_000011.png,/project/project/extracted_frames_sorted/reject/IMG_6793/frame_000011__blurry.png,reject,blurry,11.734391858892291,1,0,0,True
/project/project/extracted_frames_raw/IMG_6793/frame_000012.png,/project/project/extracted_frames_sorted/reject/IMG_6793/frame_000012__blurry.png,reject,blurry,10.808266778231417,1,0,0,True
/project/project/extracted_frames_raw/IMG_6793/frame_000013.png,/project/project/extracted_frames_sorted/reject/IMG_6793/frame_000013__blurry.png,reject,blurry,7.49659239020165,1,1,21,True
/project/project/extracted_frames_raw/IMG_6793/frame_000014.png,/project/project/extracted_frames_sorted/reject/IMG_6793/frame_000014__blurry.png,reject,blurry,4.644094807551761,1,1,21,True
/project/project/extracted_frames_raw/IMG_6793/frame_000015.png,/project/project/extracted_frames_sorted/reject/IMG_6793/frame_000015__blurry.png,reject,blurry,5.89820794406932,1,1,21,True
/project/project/extracted_frames_raw/IMG_6793/frame_000016.png,/project/project/extracted_frames_sorted/reject/IMG_6793/frame_000016__blurry.png,reject,blurry,7.589837954028631,1,1,18,True
/project/project/extracted_frames_raw/IMG_6793/frame_000017.png,/project/project/extracted_frames_sorted/reject/IMG_6793/frame_000017__blurry.png,reject,blurry,7.739726562304409,1,0,0,True
/project/project/extracted_frames_raw/IMG_6793/frame_000018.png,/project/project/extracted_frames_sorted/reject/IMG_6793/frame_000018__blurry.png,reject,blurry,9.898419171360262,1,1,21,True
/project/project/extracted_frames_raw/IMG_6793/frame_000019.png,/project/project/extracted_frames_sorted/reject/IMG_6793/frame_000019__blurry.png,reject,blurry,10.182468153322505,1,1,21,True
/project/project/extracted_frames_raw/IMG_6793/frame_000020.png,/project/project/extracted_frames_sorted/reject/IMG_6793/frame_000020__blurry.png,reject,blurry,11.302680361976154,1,1,21,True
/project/project/extracted_frames_raw/IMG_6793/frame_000021.png,/project/project/extracted_frames_sorted/reject/IMG_6793/frame_000021__blurry.png,reject,blurry,12.403395061724675,1,1,21,True
/project/project/extracted_frames_raw/IMG_6793/frame_000022.png,/project/project/extracted_frames_sorted/reject/IMG_6793/frame_000022__blurry.png,reject,blurry,18.623459616826104,1,1,21,True
/project/project/extracted_frames_raw/IMG_6793/frame_000023.png,/project/project/extracted_frames_sorted/reject/IMG_6793/frame_000023__blurry.png,reject,blurry,7.441273577040589,0,0,0,True
/project/project/extracted_frames_raw/IMG_6793/frame_000024.png,/project/project/extracted_frames_sorted/reject/IMG_6793/frame_000024__blurry.png,reject,blurry,29.97017842176333,0,0,0,True
/project/project/extracted_frames_raw/IMG_6793/frame_000025.png,/project/project/extracted_frames_sorted/reject/IMG_6793/frame_000025__blurry.png,reject,blurry,2.5674165692334485,0,0,0,True
/project/project/extracted_frames_raw/IMG_6793/frame_000026.png,/project/project/extracted_frames_sorted/reject/IMG_6793/frame_000026__blurry.png,reject,blurry,1.0102618558067646,0,0,0,True
/project/project/extracted_frames_raw/IMG_6793/frame_000027.png,/project/project/extracted_frames_sorted/reject/IMG_6793/frame_000027__blurry.png,reject,blurry,1.246676793836127,0,0,0,True
/project/project/extracted_frames_raw/IMG_6793/frame_000028.png,/project/project/extracted_frames_sorted/reject/IMG_6793/frame_000028__blurry.png,reject,blurry,2.8570867086749194,0,0,0,True
/project/project/extracted_frames_raw/IMG_6793/frame_000029.png,/project/project/extracted_frames_sorted/reject/IMG_6793/frame_000029__blurry.png,reject,blurry,1.4449941738682743,0,0,0,True
/project/project/extracted_frames_raw/IMG_6793/frame_000030.png,/project/project/extracted_frames_sorted/reject/IMG_6793/frame_000030__blurry.png,reject,blurry,2.372221737405075,0,0,0,True
/project/project/extracted_frames_raw/IMG_6793/frame_000031.png,/project/project/extracted_frames_sorted/reject/IMG_6793/frame_000031__blurry.png,reject,blurry,0.20943528144021278,0,0,0,True
/project/project/extracted_frames_raw/IMG_9088/frame_000001.png,/project/project/extracted_frames_sorted/reject/IMG_9088/frame_000001__blurry.png,reject,blurry,16.883487172062082,1,2,42,True
/project/project/extracted_frames_raw/IMG_9088/frame_000002.png,/project/project/extracted_frames_sorted/reject/IMG_9088/frame_000002__blurry.png,reject,blurry,11.882793674796561,1,2,42,True
/project/project/extracted_frames_raw/IMG_9088/frame_000003.png,/project/project/extracted_frames_sorted/reject/IMG_9088/frame_000003__blurry.png,reject,blurry,13.900787465929488,1,2,42,True
/project/project/extracted_frames_raw/IMG_9088/frame_000004.png,/project/project/extracted_frames_sorted/reject/IMG_9088/frame_000004__blurry.png,reject,blurry,8.219618478027261,1,2,42,True
/project/project/extracted_frames_raw/IMG_9088/frame_000005.png,/project/project/extracted_frames_sorted/reject/IMG_9088/frame_000005__blurry.png,reject,blurry,6.423570105865856,1,2,42,True
/project/project/extracted_frames_raw/IMG_9088/frame_000006.png,/project/project/extracted_frames_sorted/reject/IMG_9088/frame_000006__blurry.png,reject,blurry,10.722758487318501,1,1,21,True
/project/project/extracted_frames_raw/IMG_9088/frame_000007.png,/project/project/extracted_frames_sorted/reject/IMG_9088/frame_000007__blurry.png,reject,blurry,12.72390139631525,1,1,21,True
/project/project/extracted_frames_raw/IMG_9088/frame_000008.png,/project/project/extracted_frames_sorted/reject/IMG_9088/frame_000008__blurry.png,reject,blurry,12.709964779192601,1,1,21,True
/project/project/extracted_frames_raw/IMG_9088/frame_000009.png,/project/project/extracted_frames_sorted/reject/IMG_9088/frame_000009__blurry.png,reject,blurry,13.591641069481943,1,0,0,True
/project/project/extracted_frames_raw/IMG_9088/frame_000010.png,/project/project/extracted_frames_sorted/reject/IMG_9088/frame_000010__blurry.png,reject,blurry,11.439439613166922,1,0,0,True
/project/project/extracted_frames_raw/IMG_9088/frame_000011.png,/project/project/extracted_frames_sorted/reject/IMG_9088/frame_000011__blurry.png,reject,blurry,16.07670033498356,1,0,0,True
/project/project/extracted_frames_raw/IMG_9088/frame_000012.png,/project/project/extracted_frames_sorted/reject/IMG_9088/frame_000012__blurry.png,reject,blurry,14.253237362780903,1,0,0,True
/project/project/extracted_frames_raw/IMG_9088/frame_000013.png,/project/project/extracted_frames_sorted/reject/IMG_9088/frame_000013__blurry.png,reject,blurry,13.628179976850925,1,0,0,True
/project/project/extracted_frames_raw/IMG_9088/frame_000014.png,/project/project/extracted_frames_sorted/reject/IMG_9088/frame_000014__blurry.png,reject,blurry,14.977783475415668,1,0,0,True
/project/project/extracted_frames_raw/IMG_9088/frame_000015.png,/project/project/extracted_frames_sorted/reject/IMG_9088/frame_000015__blurry.png,reject,blurry,18.004269860607256,1,0,0,True
/project/project/extracted_frames_raw/IMG_9088/frame_000016.png,/project/project/extracted_frames_sorted/reject/IMG_9088/frame_000016__blurry.png,reject,blurry,19.46882763512774,1,0,0,True
/project/project/extracted_frames_raw/IMG_9088/frame_000017.png,/project/project/extracted_frames_sorted/reject/IMG_9088/frame_000017__blurry.png,reject,blurry,19.1413400893137,1,0,0,True
/project/project/extracted_frames_raw/IMG_9088/frame_000018.png,/project/project/extracted_frames_sorted/reject/IMG_9088/frame_000018__blurry.png,reject,blurry,22.514123742028083,1,0,0,True
/project/project/extracted_frames_raw/IMG_9088/frame_000019.png,/project/project/extracted_frames_sorted/reject/IMG_9088/frame_000019__blurry.png,reject,blurry,17.686519882445417,1,0,0,True
/project/project/extracted_frames_raw/IMG_9088/frame_000020.png,/project/project/extracted_frames_sorted/reject/IMG_9088/frame_000020__blurry.png,reject,blurry,10.53342013862004,1,0,0,True
/project/project/extracted_frames_raw/IMG_9088/frame_000021.png,/project/project/extracted_frames_sorted/reject/IMG_9088/frame_000021__blurry.png,reject,blurry,14.30271699642861,1,0,0,True
/project/project/extracted_frames_raw/IMG_9088/frame_000022.png,/project/project/extracted_frames_sorted/reject/IMG_9088/frame_000022__blurry.png,reject,blurry,19.42328991334923,1,0,0,True
/project/project/extracted_frames_raw/IMG_9088/frame_000023.png,/project/project/extracted_frames_sorted/reject/IMG_9088/frame_000023__blurry.png,reject,blurry,15.068667050749063,1,0,0,True
/project/project/extracted_frames_raw/IMG_9088/frame_000024.png,/project/project/extracted_frames_sorted/reject/IMG_9088/frame_000024__blurry.png,reject,blurry,12.549852250454862,1,0,0,True
/project/project/extracted_frames_raw/IMG_9088/frame_000025.png,/project/project/extracted_frames_sorted/reject/IMG_9088/frame_000025__blurry.png,reject,blurry,10.299653121782892,1,0,0,True
/project/project/extracted_frames_raw/IMG_9088/frame_000026.png,/project/project/extracted_frames_sorted/reject/IMG_9088/frame_000026__blurry.png,reject,blurry,10.11111776439433,1,0,0,True
/project/project/extracted_frames_raw/IMG_9088/frame_000027.png,/project/project/extracted_frames_sorted/reject/IMG_9088/frame_000027__blurry.png,reject,blurry,12.897535430322138,1,0,0,True
/project/project/extracted_frames_raw/IMG_9088/frame_000028.png,/project/project/extracted_frames_sorted/reject/IMG_9088/frame_000028__blurry.png,reject,blurry,14.976957712163626,1,0,0,True
/project/project/extracted_frames_raw/IMG_9088/frame_000029.png,/project/project/extracted_frames_sorted/reject/IMG_9088/frame_000029__blurry.png,reject,blurry,18.83043160410228,1,1,21,True
/project/project/extracted_frames_raw/IMG_9088/frame_000030.png,/project/project/extracted_frames_sorted/reject/IMG_9088/frame_000030__blurry.png,reject,blurry,18.637331246265653,1,1,21,True
/project/project/extracted_frames_raw/IMG_9088/frame_000031.png,/project/project/extracted_frames_sorted/reject/IMG_9088/frame_000031__blurry.png,reject,blurry,14.72265519895525,1,1,21,True
/project/project/extracted_frames_raw/IMG_9348/frame_000001.png,/project/project/extracted_frames_sorted/reject/IMG_9348/frame_000001__blurry.png,reject,blurry,15.323234953610676,1,0,0,True
/project/project/extracted_frames_raw/IMG_9348/frame_000002.png,/project/project/extracted_frames_sorted/reject/IMG_9348/frame_000002__blurry.png,reject,blurry,20.76430314373174,1,0,0,True
/project/project/extracted_frames_raw/IMG_9348/frame_000003.png,/project/project/extracted_frames_sorted/reject/IMG_9348/frame_000003__blurry.png,reject,blurry,23.456684025722794,1,0,0,True
/project/project/extracted_frames_raw/IMG_9348/frame_000004.png,/project/project/extracted_frames_sorted/reject/IMG_9348/frame_000004__blurry.png,reject,blurry,17.397052462414596,1,0,0,True
/project/project/extracted_frames_raw/IMG_9348/frame_000005.png,/project/project/extracted_frames_sorted/reject/IMG_9348/frame_000005__blurry.png,reject,blurry,16.147594521511916,1,0,0,True
/project/project/extracted_frames_raw/IMG_9348/frame_000006.png,/project/project/extracted_frames_sorted/reject/IMG_9348/frame_000006__blurry.png,reject,blurry,21.714003182114755,1,0,0,True
/project/project/extracted_frames_raw/IMG_9348/frame_000007.png,/project/project/extracted_frames_sorted/reject/IMG_9348/frame_000007__blurry.png,reject,blurry,24.02242814336706,1,0,0,True
/project/project/extracted_frames_raw/IMG_9348/frame_000008.png,/project/project/extracted_frames_sorted/reject/IMG_9348/frame_000008__blurry.png,reject,blurry,9.560137436542185,1,0,0,True
/project/project/extracted_frames_raw/IMG_9348/frame_000009.png,/project/project/extracted_frames_sorted/reject/IMG_9348/frame_000009__blurry.png,reject,blurry,7.176969011348569,1,0,0,True
/project/project/extracted_frames_raw/IMG_9348/frame_000010.png,/project/project/extracted_frames_sorted/reject/IMG_9348/frame_000010__blurry.png,reject,blurry,8.961069155081193,1,0,0,True
/project/project/extracted_frames_raw/IMG_9348/frame_000011.png,/project/project/extracted_frames_sorted/reject/IMG_9348/frame_000011__blurry.png,reject,blurry,11.665093555893138,1,1,21,True
/project/project/extracted_frames_raw/IMG_9348/frame_000012.png,/project/project/extracted_frames_sorted/reject/IMG_9348/frame_000012__blurry.png,reject,blurry,22.363240740062558,1,1,21,True
/project/project/extracted_frames_raw/IMG_9348/frame_000013.png,/project/project/extracted_frames_sorted/reject/IMG_9348/frame_000013__blurry.png,reject,blurry,26.997059699061957,1,1,21,True
/project/project/extracted_frames_raw/IMG_9348/frame_000014.png,/project/project/extracted_frames_sorted/reject/IMG_9348/frame_000014__blurry.png,reject,blurry,25.650519866683812,1,1,21,True
/project/project/extracted_frames_raw/IMG_9348/frame_000015.png,/project/project/extracted_frames_sorted/reject/IMG_9348/frame_000015__blurry.png,reject,blurry,24.680691059276867,1,1,21,True
/project/project/extracted_frames_raw/IMG_9348/frame_000016.png,/project/project/extracted_frames_sorted/reject/IMG_9348/frame_000016__blurry.png,reject,blurry,29.38348329892048,1,1,21,True
/project/project/extracted_frames_raw/IMG_9348/frame_000017.png,/project/project/extracted_frames_sorted/reject/IMG_9348/frame_000017__blurry.png,reject,blurry,27.703282187621323,1,1,21,True
/project/project/extracted_frames_raw/IMG_9348/frame_000018.png,/project/project/extracted_frames_sorted/reject/IMG_9348/frame_000018__blurry.png,reject,blurry,26.669834581603897,1,0,0,True
/project/project/extracted_frames_raw/IMG_9348/frame_000019.png,/project/project/extracted_frames_sorted/reject/IMG_9348/frame_000019__blurry.png,reject,blurry,23.98193623818233,1,0,0,True
/project/project/extracted_frames_raw/IMG_9348/frame_000020.png,/project/project/extracted_frames_sorted/reject/IMG_9348/frame_000020__blurry.png,reject,blurry,24.74004340128935,1,0,0,True
/project/project/extracted_frames_raw/IMG_9348/frame_000021.png,/project/project/extracted_frames_sorted/reject/IMG_9348/frame_000021__blurry.png,reject,blurry,24.695785099271763,1,0,0,True
/project/project/extracted_frames_raw/IMG_9348/frame_000022.png,/project/project/extracted_frames_sorted/reject/IMG_9348/frame_000022__blurry.png,reject,blurry,25.902499035418472,1,0,0,True
/project/project/extracted_frames_raw/IMG_9348/frame_000023.png,/project/project/extracted_frames_sorted/reject/IMG_9348/frame_000023__blurry.png,reject,blurry,24.025776426195595,1,0,0,True
/project/project/extracted_frames_raw/IMG_9348/frame_000024.png,/project/project/extracted_frames_sorted/reject/IMG_9348/frame_000024__blurry.png,reject,blurry,24.0740383816859,1,0,0,True
/project/project/extracted_frames_raw/IMG_9348/frame_000025.png,/project/project/extracted_frames_sorted/reject/IMG_9348/frame_000025__blurry.png,reject,blurry,24.403698879289056,1,0,0,True
/project/project/extracted_frames_raw/IMG_9348/frame_000026.png,/project/project/extracted_frames_sorted/reject/IMG_9348/frame_000026__blurry.png,reject,blurry,24.21960599908303,1,0,0,True
/project/project/extracted_frames_raw/IMG_9348/frame_000027.png,/project/project/extracted_frames_sorted/reject/IMG_9348/frame_000027__blurry.png,reject,blurry,23.59679012204185,1,0,0,True
/project/project/extracted_frames_raw/IMG_9348/frame_000028.png,/project/project/extracted_frames_sorted/reject/IMG_9348/frame_000028__blurry.png,reject,blurry,17.023215180461776,1,0,0,True
/project/project/extracted_frames_raw/IMG_9348/frame_000029.png,/project/project/extracted_frames_sorted/reject/IMG_9348/frame_000029__blurry.png,reject,blurry,15.634718362556535,1,0,0,True
/project/project/extracted_frames_raw/IMG_9348/frame_000030.png,/project/project/extracted_frames_sorted/reject/IMG_9348/frame_000030__blurry.png,reject,blurry,7.278666087284791,1,0,0,True
/project/project/extracted_frames_raw/IMG_9348/frame_000031.png,/project/project/extracted_frames_sorted/reject/IMG_9348/frame_000031__blurry.png,reject,blurry,4.093002013897587,1,0,0,True
